score_std,score_gmean
47.821536367172314,144.73587709062622
 
2000
#44.98677293934681,141.79667962674958