score_std,score_gmean
46.40415465325956,143.26627835868788
