score_std,score_gmean
47.821536367172314,144.73587709062622
