score_std,score_gmean
45.09865817091454,142.12023238380812
